{"cameraMode":{"drawMode":0,"name":"Shaded","section":"Shading Mode"},"sceneLighting":true,"audioPlay":false,"sceneViewState":{"m_AlwaysRefresh":false,"showFog":true,"showSkybox":true,"showFlares":true,"showImageEffects":true,"showParticleSystems":true,"showVisualEffectGraphs":true,"m_FxEnabled":true},"in2DMode":false,"pivot":{"x":0.3299999237060547,"y":3.3410000801086427,"z":1.2299995422363282},"rotation":{"x":0.26596784591674807,"y":0.6898170113563538,"z":-0.30583325028419497,"w":0.5999122858047485},"size":12.282194137573243,"orthographic":true}